{"loss": [1.4116336107254028, 0.47181442379951477, 0.2759099006652832, 0.18740348517894745, 0.14214281737804413, 0.11137726157903671, 0.08973114937543869, 0.07710549235343933, 0.06846261769533157, 0.057793814688920975], "accuracy": [0.5854043960571289, 0.8508428931236267, 0.9108044505119324, 0.9389572739601135, 0.9532256722450256, 0.9627711772918701, 0.9694857597351074, 0.9751191139221191, 0.977395236492157, 0.9815633893013], "val_loss": [0.5310004949569702, 0.3250925540924072, 0.20940548181533813, 0.19743835926055908, 0.18032918870449066, 0.23618291318416595, 0.14108608663082123, 0.2200375646352768, 0.1439533531665802, 0.14371661841869354], "val_accuracy": [0.8319485783576965, 0.8956294059753418, 0.9315388202667236, 0.9350102543830872, 0.9424083828926086, 0.9233439564704895, 0.9553835391998291, 0.9390507340431213, 0.9562371969223022, 0.9586842656135559]}